obs_name,true_label,predicted_label,prob_HDR_HDR,prob_Insertion_Insertion,prob_MMEJ-Deletion_MMEJ-Deletion,prob_NHEJ-Deletion_NHEJ-Deletion
ATGGAGGCATTGCAAC-4,NHEJ-Deletion_NHEJ-Deletion,MMEJ-Deletion_MMEJ-Deletion,0.04841687016347455,0.018483963527546797,0.6579674597395255,0.2751317065694531
CGTGAATGTTGTGCCG-4,Insertion_Insertion,MMEJ-Deletion_MMEJ-Deletion,0.12283142760871385,0.18429987302054057,0.4026997573647733,0.2901689420059723
CTCTCGATCCTAGCCT-1,HDR_HDR,HDR_HDR,0.44192255512566375,0.06497938675004776,0.17112630140887167,0.321971756715417
TCTCACGAGGCTTCCG-1,NHEJ-Deletion_NHEJ-Deletion,NHEJ-Deletion_NHEJ-Deletion,0.06955867150129609,0.12070223528161693,0.19455651701499177,0.6151825762020953
GGATGTTCAGCACAGA-1,MMEJ-Deletion_MMEJ-Deletion,Insertion_Insertion,0.1339770248376847,0.3765266165385353,0.15104013919337345,0.33845621943040655
GAGGCAAAGGGACACT-1,HDR_HDR,HDR_HDR,0.7743554037587773,0.08040771825457414,0.04099594508669119,0.10424093289995753
ATACTTCTCTCAACGA-1,NHEJ-Deletion_NHEJ-Deletion,NHEJ-Deletion_NHEJ-Deletion,0.15922030030523585,0.03249172672821146,0.14058921794079954,0.6676987550257532
CTACTATCATTGAGCT-1,Insertion_Insertion,HDR_HDR,0.4728615439603758,0.20958006864246545,0.08036274182174935,0.2371956455754094
TTTCCTCGTGATAGAT-4,Insertion_Insertion,HDR_HDR,0.438393061091418,0.09454218655677357,0.10328888950352955,0.3637758628482789
CATCAAGTCTTCGTGC-1,HDR_HDR,HDR_HDR,0.4701377294135178,0.0590574269133658,0.07450810787365814,0.3962967357994583
GGAGGTAAGTAGGGTC-1,NHEJ-Deletion_NHEJ-Deletion,Insertion_Insertion,0.034408338749968695,0.6333601497056907,0.24384756447812503,0.08838394706621563
AGTGATCGTTCTATCT-4,MMEJ-Deletion_MMEJ-Deletion,MMEJ-Deletion_MMEJ-Deletion,0.09450791051191285,0.06636213787711895,0.700557899875838,0.13857205173513013
AAATGGACAGCAGTTT-4,Insertion_Insertion,Insertion_Insertion,0.05810236379055447,0.6109977855433552,0.12142731307281046,0.2094725375932799
GTTCGCTAGGTCATCT-1,NHEJ-Deletion_NHEJ-Deletion,MMEJ-Deletion_MMEJ-Deletion,0.061371415706551864,0.13908310477895144,0.6905042026739651,0.10904127684053176
TCCCATGGTCTACAAC-1,NHEJ-Deletion_NHEJ-Deletion,MMEJ-Deletion_MMEJ-Deletion,0.12751255470976294,0.1710024519604593,0.3703922478825375,0.3310927454472402
GTGGCGTAGGAGAATG-4,Insertion_Insertion,HDR_HDR,0.3537075975154779,0.20546459735250772,0.3261487999744604,0.114679005157554
TTGCCTGGTGATCGTT-1,HDR_HDR,MMEJ-Deletion_MMEJ-Deletion,0.2922877859986594,0.058332229941000395,0.5885435241996946,0.06083645986064555
TTCAGGACAATCCTAG-1,MMEJ-Deletion_MMEJ-Deletion,NHEJ-Deletion_NHEJ-Deletion,0.03280514126044625,0.08938063774973243,0.10752702981241646,0.7702871911774049
TAGGTTGTCGGCACTG-1,Insertion_Insertion,MMEJ-Deletion_MMEJ-Deletion,0.01581953793454772,0.0918412227433888,0.7658661324552947,0.1264731068667686
AGGCCACGTTGGCCGT-1,MMEJ-Deletion_MMEJ-Deletion,MMEJ-Deletion_MMEJ-Deletion,0.0532559806703157,0.3788447460476927,0.4925400492409618,0.07535922404102974
AGTAACCAGCTGTGCC-1,MMEJ-Deletion_MMEJ-Deletion,NHEJ-Deletion_NHEJ-Deletion,0.16717330842666006,0.23874392639997136,0.1755198712148619,0.41856289395850665
ACGGTTATCTACTCAT-1,NHEJ-Deletion_NHEJ-Deletion,HDR_HDR,0.7476604809751879,0.06903797224127346,0.13781232678343236,0.045489220000106224
CAAAGAACAACGGCCT-1,NHEJ-Deletion_NHEJ-Deletion,HDR_HDR,0.7576885994503552,0.07611792896222351,0.07370125767807198,0.09249221390934932
CTCCTCCAGACTTCAC-1,MMEJ-Deletion_MMEJ-Deletion,NHEJ-Deletion_NHEJ-Deletion,0.2703357660338737,0.10700714164088011,0.2821333086759267,0.34052378364931946
AGTCACATCTTGGAAC-1,HDR_HDR,HDR_HDR,0.7454071526969881,0.030447427196616986,0.13741851225067003,0.08672690785572491
CGCATGGTCTTGGAAC-1,Insertion_Insertion,HDR_HDR,0.6964555638723092,0.03644920503124716,0.2489558235557952,0.018139407540648505
GTTAGTGTCTTAGCTT-1,MMEJ-Deletion_MMEJ-Deletion,MMEJ-Deletion_MMEJ-Deletion,0.28694657395732154,0.1071548042340814,0.5184498682614193,0.0874487535471777
GGGTGTCCAAGACGAC-1,NHEJ-Deletion_NHEJ-Deletion,NHEJ-Deletion_NHEJ-Deletion,0.10735068044453193,0.1915004060239224,0.2488342560552202,0.45231465747632543
GGCTTTCCAGAAATTG-1,HDR_HDR,HDR_HDR,0.5820071423275803,0.16419013323815185,0.06380984867485286,0.18999287575941487
AACAAAGGTACAACGG-4,Insertion_Insertion,MMEJ-Deletion_MMEJ-Deletion,0.2926175180968368,0.09002069642187885,0.46504884727488693,0.15231293820639744
CTCCCTCGTCTACATG-1,HDR_HDR,HDR_HDR,0.37535507745159263,0.15362682302379774,0.24066550420208097,0.23035259532252877
CGAGAAGTCGCGATCG-4,MMEJ-Deletion_MMEJ-Deletion,MMEJ-Deletion_MMEJ-Deletion,0.051309218011531724,0.15898064548814567,0.435992823145012,0.3537173133553107
AGGTAGGAGTATTGCC-1,Insertion_Insertion,MMEJ-Deletion_MMEJ-Deletion,0.15189168367439998,0.1966668351247888,0.46319585232975935,0.18824562887105192
GGGTGTCCAATCGCAT-1,NHEJ-Deletion_NHEJ-Deletion,NHEJ-Deletion_NHEJ-Deletion,0.2549179561758334,0.24863558300430533,0.19990432841915365,0.2965421324007076
GATGATCAGGCATCGA-4,NHEJ-Deletion_NHEJ-Deletion,Insertion_Insertion,0.0023126876419290623,0.9318722688922891,0.050380837595363964,0.015434205870417718
ATCACGATCTCGACGG-1,Insertion_Insertion,HDR_HDR,0.8121537837575112,0.0645970654995816,0.10748512023922249,0.015764030503684714
GACCCAGAGTTTGGCT-1,MMEJ-Deletion_MMEJ-Deletion,HDR_HDR,0.32327381177203063,0.2580914682411457,0.2295319997538738,0.18910272023294988
CCTCTAGGTACTTGTG-1,NHEJ-Deletion_NHEJ-Deletion,NHEJ-Deletion_NHEJ-Deletion,0.045157782045423346,0.08729080647121883,0.19887390428665602,0.6686775071967018
GTAATGCGTTCGAAGG-1,HDR_HDR,MMEJ-Deletion_MMEJ-Deletion,0.11118639291703694,0.20112770895728407,0.5576529049058246,0.13003299321985445
TACCTGCTCCGCACTT-1,HDR_HDR,NHEJ-Deletion_NHEJ-Deletion,0.18328412471351543,0.0919861997863381,0.2369042803873936,0.48782539511275286
GCCTGTTAGCATCCTA-1,MMEJ-Deletion_MMEJ-Deletion,HDR_HDR,0.6159635607583864,0.06500364282319805,0.20038969033801077,0.11864310608040467
AGGCATTCAATTTCGG-4,MMEJ-Deletion_MMEJ-Deletion,MMEJ-Deletion_MMEJ-Deletion,0.21920143726151756,0.15430774118311671,0.45385584641723875,0.17263497513812692
TCACGGGTCGACGCTG-1,HDR_HDR,Insertion_Insertion,0.2983452701043814,0.4008017176383716,0.113577809879053,0.18727520237819398
TCAAGTGCAAATCGTC-1,MMEJ-Deletion_MMEJ-Deletion,MMEJ-Deletion_MMEJ-Deletion,0.1820475591648048,0.23336827092131426,0.4847078619464176,0.09987630796746332
GGTGTTAAGTAAACAC-1,MMEJ-Deletion_MMEJ-Deletion,NHEJ-Deletion_NHEJ-Deletion,0.0698251159048511,0.05555979270652717,0.08198442838335192,0.7926306630052699
GGTGGCTAGGCGTTGA-1,NHEJ-Deletion_NHEJ-Deletion,NHEJ-Deletion_NHEJ-Deletion,0.09102609199431763,0.23511335145139453,0.11797082398915779,0.5558897325651301
AGACAGGTCTCGTCGT-4,NHEJ-Deletion_NHEJ-Deletion,Insertion_Insertion,0.08162177479812914,0.6334681420739935,0.1609901797687572,0.12391990335912018
TCCTCGAAGGATTTCC-1,NHEJ-Deletion_NHEJ-Deletion,Insertion_Insertion,0.012618884026967536,0.49740134431516564,0.41357692644435434,0.07640284521351251
TTCCGTGGTTGGTAGG-4,Insertion_Insertion,MMEJ-Deletion_MMEJ-Deletion,0.08930990394385623,0.09934079368359303,0.6672026795443973,0.14414662282815344
GTGGCGTTCCGGCAAC-1,MMEJ-Deletion_MMEJ-Deletion,MMEJ-Deletion_MMEJ-Deletion,0.2851550826934352,0.2894398764307134,0.32540246491396563,0.10000257596188575
CTGCTCAAGGACATCG-1,HDR_HDR,NHEJ-Deletion_NHEJ-Deletion,0.33552632251437814,0.09601316744606735,0.16925381727025057,0.39920669276930404
GAGGCAATCCCGTGTT-1,Insertion_Insertion,MMEJ-Deletion_MMEJ-Deletion,0.2341531631866745,0.24791842488855312,0.488075153209067,0.029853258715705284
TCCTCCCCAAACCATC-1,MMEJ-Deletion_MMEJ-Deletion,NHEJ-Deletion_NHEJ-Deletion,0.31307392216016455,0.02624035576184821,0.2483552290676306,0.41233049301035657
CCCGAAGTCGTCCATC-1,Insertion_Insertion,HDR_HDR,0.3820228456247063,0.1946639098948749,0.2997206376398364,0.12359260684058244
TAGGTACAGCCTCACG-1,MMEJ-Deletion_MMEJ-Deletion,Insertion_Insertion,0.19224007558792722,0.4288148115769981,0.34194928175082856,0.03699583108424613
TATCCTAAGCAATAAC-1,MMEJ-Deletion_MMEJ-Deletion,HDR_HDR,0.5086182447825336,0.11699697589719685,0.027571019001262118,0.34681376031900746
TCGAAGTCAGAAGCTG-1,Insertion_Insertion,HDR_HDR,0.6336627155495435,0.15550328495526936,0.12874689528271469,0.08208710421247252
CGTAATGTCTGCACCT-1,HDR_HDR,MMEJ-Deletion_MMEJ-Deletion,0.16513213885062403,0.3005149989283366,0.3258143922540453,0.208538469966994
GGTGATTCATCGATAC-4,Insertion_Insertion,Insertion_Insertion,0.2134140223487372,0.3603534025078133,0.3093909379895678,0.11684163715388175
TTGTGTTCATGAGAAT-1,HDR_HDR,MMEJ-Deletion_MMEJ-Deletion,0.050593394182272676,0.22621977724858033,0.7124630064714008,0.010723822097746185
AGCCAATTCCACTTCG-1,Insertion_Insertion,Insertion_Insertion,0.006451043529834464,0.7651051266091962,0.1694487245375504,0.05899510532341898
CCTCTAGTCGACGCGT-1,Insertion_Insertion,MMEJ-Deletion_MMEJ-Deletion,0.2121895925894677,0.15464819747805372,0.5488906013249545,0.08427160860752413
TCCTCCCAGTCGAAGC-1,Insertion_Insertion,Insertion_Insertion,0.17597030958369067,0.37101250604046726,0.16631368624582094,0.28670349813002116
TAGACCACACAGCGCT-4,NHEJ-Deletion_NHEJ-Deletion,NHEJ-Deletion_NHEJ-Deletion,0.1645299914047139,0.21917603895436116,0.21626519209038955,0.4000287775505355
ATTCTTGGTAGCGTCC-1,NHEJ-Deletion_NHEJ-Deletion,MMEJ-Deletion_MMEJ-Deletion,0.24795110550297048,0.2409637943110371,0.33193462689549696,0.17915047329049552
GATCGTAGTACGGTTT-1,MMEJ-Deletion_MMEJ-Deletion,Insertion_Insertion,0.16797133300452344,0.44909803148778216,0.13509771937959544,0.24783291612809907
GGCACGTAGTCAGCCC-1,HDR_HDR,HDR_HDR,0.5004390118607266,0.07490256944923447,0.1785767248210638,0.24608169386897513
CTCAATTTCAATCGGT-1,Insertion_Insertion,Insertion_Insertion,0.002772054727544591,0.7009541461879762,0.21906910625311526,0.0772046928313639
CACTTCGCAGACACAG-4,Insertion_Insertion,MMEJ-Deletion_MMEJ-Deletion,0.3033910368763174,0.08454938758697095,0.4045907340701034,0.20746884146660827
ACATCGATCCTGGGTG-4,NHEJ-Deletion_NHEJ-Deletion,NHEJ-Deletion_NHEJ-Deletion,0.02084491857529472,0.30624022088320974,0.2160936959214893,0.45682116462000627
TTTACTGGTACTCCCT-4,NHEJ-Deletion_NHEJ-Deletion,NHEJ-Deletion_NHEJ-Deletion,0.04552418809904248,0.18493777748471044,0.07589249611957088,0.6936455382966762
GATGTTGAGGCTTTCA-1,Insertion_Insertion,NHEJ-Deletion_NHEJ-Deletion,0.018979288483587646,0.15737568027645407,0.2739432371147312,0.5497017941252271
TCTGCCATCGTGGCTG-1,MMEJ-Deletion_MMEJ-Deletion,HDR_HDR,0.5678171054259255,0.12961683580015573,0.07089730977130881,0.23166874900260997
CGATGCGAGCTTTGTG-1,HDR_HDR,HDR_HDR,0.49305059377344096,0.08892705675355367,0.22221511694710994,0.19580723252589533
TTCCTAATCCTTTAGT-4,Insertion_Insertion,MMEJ-Deletion_MMEJ-Deletion,0.08776191685433712,0.04982549628251787,0.6489505071772703,0.21346207968587466
TGGGCGTGTCTTCATT-1,HDR_HDR,HDR_HDR,0.6472366941826423,0.04403717648076819,0.11551352862016216,0.19321260071642746
AGCTTCCGTAACGTTC-1,NHEJ-Deletion_NHEJ-Deletion,HDR_HDR,0.6895151380908666,0.05390889800624308,0.1812493615126653,0.07532660239022515
CATACAGTCTCGTGGG-1,NHEJ-Deletion_NHEJ-Deletion,HDR_HDR,0.5699236813448945,0.14131960055629994,0.10743350749286486,0.18132321060594073
GATTCTTAGCCATATC-1,NHEJ-Deletion_NHEJ-Deletion,HDR_HDR,0.720772716868155,0.05379748930440458,0.021962571978619578,0.2034672218488207
GTCTTTAGTCAAAGTA-1,Insertion_Insertion,Insertion_Insertion,0.05777364473296119,0.6642498446078409,0.042590438252652636,0.23538607240654538
GACCAATAGATTGCGG-4,HDR_HDR,Insertion_Insertion,0.20599890024973397,0.5302475525142426,0.03494876105718536,0.228804786178838
ATGGGTTGTTGCTCAA-1,HDR_HDR,Insertion_Insertion,0.26216390912291876,0.327497266656028,0.10432034732566321,0.3060184768953901
TCGAACAGTTTCGCTC-1,NHEJ-Deletion_NHEJ-Deletion,NHEJ-Deletion_NHEJ-Deletion,0.03381675648375402,0.05065339084883214,0.21565899921347315,0.6998708534539406
GACTCAATCCGATGTA-1,NHEJ-Deletion_NHEJ-Deletion,NHEJ-Deletion_NHEJ-Deletion,0.20099514287161682,0.24694450870689677,0.15395995661759734,0.39810039180388906
AGAAGTATCGAGAACG-1,NHEJ-Deletion_NHEJ-Deletion,NHEJ-Deletion_NHEJ-Deletion,0.09726761580302894,0.23490622225693106,0.18074095077023028,0.48708521116980974
TTGAACGCAGGGAGAG-1,NHEJ-Deletion_NHEJ-Deletion,Insertion_Insertion,0.11033868694394772,0.7961448035569568,0.04606990904206531,0.047446600457030204
TCATGTTCAAGAGTGC-1,Insertion_Insertion,MMEJ-Deletion_MMEJ-Deletion,0.12759419121226365,0.21697005693752847,0.5575449129716841,0.0978908388785238
CAGTGCGTCAAGTCGT-1,MMEJ-Deletion_MMEJ-Deletion,HDR_HDR,0.48868508962696283,0.10766008100803973,0.3660439702243766,0.03761085914062079
GAACACTGTCTGTGGC-4,NHEJ-Deletion_NHEJ-Deletion,NHEJ-Deletion_NHEJ-Deletion,0.22463840527239892,0.060752402012259024,0.0765158539696123,0.6380933387457298
TCAATCTCAATAGTAG-1,HDR_HDR,NHEJ-Deletion_NHEJ-Deletion,0.02425086848690739,0.041412108468221936,0.273323330193588,0.6610136928512826
CAATGACTCAACCTTT-4,MMEJ-Deletion_MMEJ-Deletion,Insertion_Insertion,0.11084553520321098,0.33402074405666743,0.23606720368855308,0.3190665170515685
GGCTTGGCAACCGCTG-1,HDR_HDR,HDR_HDR,0.4594346701453976,0.1594583783360279,0.2969723386553621,0.08413461286321243
GCATCTCTCCGCAACG-1,Insertion_Insertion,NHEJ-Deletion_NHEJ-Deletion,0.017719948607572988,0.05146857399381506,0.2504657414636771,0.680345735934935
ATTTCACAGGAGGCAG-1,HDR_HDR,NHEJ-Deletion_NHEJ-Deletion,0.29112246804067277,0.13661350519744186,0.06692631305925333,0.5053377137026319
TGCATCCCAAATCCCA-1,MMEJ-Deletion_MMEJ-Deletion,NHEJ-Deletion_NHEJ-Deletion,0.12373898101050664,0.09709967244721521,0.09002968614967417,0.689131660392604
TGGGCGTGTGGCTTGC-4,NHEJ-Deletion_NHEJ-Deletion,NHEJ-Deletion_NHEJ-Deletion,0.015723149619941146,0.3365790989305459,0.2696044519671193,0.3780932994823936
ACATGCACAAAGACGC-1,HDR_HDR,HDR_HDR,0.5867144450203172,0.024175452615767704,0.06042287851024823,0.3286872238536668
GGATGTTCAGCTTTCC-1,HDR_HDR,HDR_HDR,0.47556469292546827,0.01274915305996741,0.13402076033913116,0.3776653936754333
CACGTTCCAATGGCAG-1,Insertion_Insertion,NHEJ-Deletion_NHEJ-Deletion,0.10033843431809572,0.09553533440780489,0.05151525516689785,0.7526109761072016
ATGCCTCGTGACAACG-1,HDR_HDR,HDR_HDR,0.42133649347011554,0.09542346720567052,0.3228834917323532,0.16035654759186066
GGCGTCAGTCCCGTGA-4,MMEJ-Deletion_MMEJ-Deletion,Insertion_Insertion,0.028006195326589146,0.5578783888123119,0.28900246517018197,0.12511295069091685
CATCGCTGTATCCCAA-1,HDR_HDR,HDR_HDR,0.7473898190366789,0.05279662318587482,0.17757942205488483,0.02223413572256131
ATCGGCGCATACTTTC-4,Insertion_Insertion,HDR_HDR,0.6155888164190594,0.07909160986032529,0.1903255441443485,0.11499402957626681
AATGAAGGTATACGGG-1,MMEJ-Deletion_MMEJ-Deletion,HDR_HDR,0.4609101232351799,0.1530187848082175,0.2673113879854161,0.11875970397118649
TGATTCTTCCACACCT-1,MMEJ-Deletion_MMEJ-Deletion,MMEJ-Deletion_MMEJ-Deletion,0.3589279349457593,0.022390827841415405,0.4751188226309199,0.14356241458190533
GGTGAAGGTATGAAGT-1,HDR_HDR,MMEJ-Deletion_MMEJ-Deletion,0.2499925681246103,0.1838724760612201,0.4805461218658106,0.08558883394835909
TCGTGGGCACTATCCC-1,Insertion_Insertion,Insertion_Insertion,0.12217304185794645,0.6239555147158072,0.16590744173450467,0.08796400169174168
CGTCCATCAGATACCT-1,Insertion_Insertion,NHEJ-Deletion_NHEJ-Deletion,0.28274271053906447,0.1824275269808078,0.24171527815729427,0.29311448432283344
GACCCAGGTTTGGAAA-1,HDR_HDR,MMEJ-Deletion_MMEJ-Deletion,0.3441086297700679,0.13418402630311937,0.3484564404536465,0.17325090347316618
GACACGCGTGTTATCG-1,HDR_HDR,HDR_HDR,0.5304546381194034,0.12946948469924266,0.052579057058647995,0.28749682012270594
GTGCAGCCAGGTGACA-4,NHEJ-Deletion_NHEJ-Deletion,MMEJ-Deletion_MMEJ-Deletion,0.27488050559360505,0.05500378084803604,0.5219308948652507,0.14818481869310804
AACACACTCAACTACG-4,MMEJ-Deletion_MMEJ-Deletion,MMEJ-Deletion_MMEJ-Deletion,0.12014731379260563,0.3633924027578092,0.38315926226092295,0.13330102118866227
CTTACCGTCTTGCGCT-1,MMEJ-Deletion_MMEJ-Deletion,MMEJ-Deletion_MMEJ-Deletion,0.14226514726265777,0.13236381278172824,0.5279701602738469,0.19740087968176714
ATGGAGGAGAGTGAAG-1,Insertion_Insertion,NHEJ-Deletion_NHEJ-Deletion,0.24256072629389847,0.10227209264787997,0.3274010975540761,0.3277660835041455
AGACTCAAGTGGACTG-4,MMEJ-Deletion_MMEJ-Deletion,NHEJ-Deletion_NHEJ-Deletion,0.24414932620751514,0.0908425198015661,0.23600334680916907,0.42900480718174977
GGGATGAGTGTAAACA-1,HDR_HDR,HDR_HDR,0.5758076165580036,0.2110848066212511,0.14534456888028993,0.06776300794045519
TGCATCCCACCTCAGG-1,MMEJ-Deletion_MMEJ-Deletion,Insertion_Insertion,0.07053675070398066,0.4688337598161499,0.0899395604585061,0.3706899290213632
GCTGGGTAGTCGCTAT-1,HDR_HDR,HDR_HDR,0.3909056892334163,0.19649849261641691,0.30026721052827476,0.11232860762189216
CTCATGCTCTCTCCGA-1,MMEJ-Deletion_MMEJ-Deletion,MMEJ-Deletion_MMEJ-Deletion,0.07039844742385845,0.25538192358989414,0.4088346019860089,0.2653850270002385
CGTAGTACAACTGGTT-1,NHEJ-Deletion_NHEJ-Deletion,HDR_HDR,0.39767783497521925,0.06267070740059379,0.15167532709281525,0.38797613053137175
